id,date,content,like_count,reply_count,retweet_count,url,is_retweet,is_reply
1,2025-08-02 22:25:51.916288,"I built the first version of Feature X blindfolded—no user feedback, no sketches. It shipped. It failed. Lesson: seeing pain before coding saves way more time than tweaking UI.",0,0,0,https://twitter.com/chudinnorukam/status/1001,False,False
2,2025-08-03 22:25:51.916288,"Spent 3 days designing the “perfect” onboarding flow. Then I realized I didn’t even know what people really meant by “onboarding.” Built a quick sketch, asked. Got clarity.",0,0,0,https://twitter.com/chudinnorukam/status/1002,False,False
3,2025-08-04 22:25:51.916288,"I launched with 7 features, thinking more = better. User data showed 1 feature got 90% of use. Everything else was noise. Cutting is painful, but necessary.",0,0,0,https://twitter.com/chudinnorukam/status/1003,False,False
4,2025-08-05 22:25:51.916288,"I delayed product launch for one more week to polish colors. That week cost me traction, learning, feedback. “Ready enough” beats “beautiful but unseen.”",0,0,0,https://twitter.com/chudinnorukam/status/1004,False,False
5,2025-08-06 22:25:51.916288,"Tried hiring help early for support docs. Butter-smooth, but totally misaligned with what customers asked. Needed to be in the trenches myself first.",0,0,0,https://twitter.com/chudinnorukam/status/1005,False,False
6,2025-08-07 22:25:51.916288,"Over-estimated what users would “intuitively get.” Spent hours polishing jargon. Turns out I needed to simplify language, not features.",0,0,0,https://twitter.com/chudinnorukam/status/1006,False,False
7,2025-08-08 22:25:51.916288,"Thought metrics should come first. I built dashboards, kpis, trackers—before defining who the product was for. That was backward.",0,0,0,https://twitter.com/chudinnorukam/status/1007,False,False
8,2025-08-09 22:25:51.916288,"I built an MVP without talking to anyone. Ship it? Yes. But painful realization: if you don’t know the problem they really have, your “fix” might miss entirely.",0,0,0,https://twitter.com/chudinnorukam/status/1008,False,False
9,2025-08-10 22:25:51.916288,Tried to copy successful tools in my niche. Ended up with a weak clone. Originality in solving *your* pain beats replicating someone else’s aesthetic.,0,0,0,https://twitter.com/chudinnorukam/status/1009,False,False
10,2025-08-11 22:25:51.916288,"I added subscription tiers because “everyone does that.” But customers didn’t need them. Kept packaging simple—less overhead, clearer path.",0,0,0,https://twitter.com/chudinnorukam/status/1010,False,False
11,2025-08-12 22:25:51.916288,I thought auto-scaling features were sexy. Spent hours building them. No one used them. Lesson: don’t build for scale before product–market fit.,0,0,0,https://twitter.com/chudinnorukam/status/1011,False,False
12,2025-08-13 22:25:51.916288,"I ignored feedback that didn’t align with my vision. That almost cost me trust. Lesson: listen, even if you don’t act—people feel heard.",0,0,0,https://twitter.com/chudinnorukam/status/1012,False,False
13,2025-08-14 22:25:51.916288,"I celebrated my “first 100 users” like a win. But I hadn’t checked churn, engagement. Numbers are lonely without context.",0,0,0,https://twitter.com/chudinnorukam/status/1013,False,False
14,2025-08-15 22:25:51.916288,"I avoided publishing ugly wireframes because I feared criticism. When I finally shared them, the feedback was gold. Mistake: I bottled up too much polish.",0,0,0,https://twitter.com/chudinnorukam/status/1014,False,False
15,2025-08-16 22:25:51.916288,Delayed launch features waiting for “edge cases.” Reality: edge cases are rare early on. Fix core flow first.,0,0,0,https://twitter.com/chudinnorukam/status/1015,False,False
16,2025-08-17 22:25:51.916288,"Thought marketing was only after product. Started small content, threads, share-backs. That seeded interest before launch.",0,0,0,https://twitter.com/chudinnorukam/status/1016,False,False
17,2025-08-18 22:25:51.916288,"I misread silence as interest. No messages ≠ people care. Direct asks, surveys, “would you pay for this?” tell more.",0,0,0,https://twitter.com/chudinnorukam/status/1017,False,False
18,2025-08-19 22:25:51.916288,"I believed “if I build it, they will come.” Nope. I needed to build, then talk to people, then rebuild. Continuous loop, not linear.",0,0,0,https://twitter.com/chudinnorukam/status/1018,False,False
19,2025-08-20 22:25:51.916288,I over-trusted coding skills and under-trusted empathy. User interviews taught me more than specs ever did.,0,0,0,https://twitter.com/chudinnorukam/status/1019,False,False
20,2025-08-21 22:25:51.916288,"Every time I launch, I find 3 things I could’ve trimmed. If you’re not feeling that itch, maybe you built too much.",0,0,0,https://twitter.com/chudinnorukam/status/1020,False,False
21,2025-08-22 22:25:51.916288,Thought our feature rollout was complete. Feedback: “I hate the flow.” Fix: I rewrote navigation. Lesson: what feels obvious to you might feel random to others.,0,0,0,https://twitter.com/chudinnorukam/status/1021,False,False
22,2025-08-23 22:25:51.916288,"I once ignored feedback calling my UI confusing. Bought a theme, restyled everything. But the real fix was simplifying labels & ordering. Lesson: visuals help, but clarity comes from structure.",0,0,0,https://twitter.com/chudinnorukam/status/1022,False,False
23,2025-08-24 22:25:51.916288,"Built a feature before asking if anyone needed it. Spent days coding. Heard crickets. Fix: I shut it off, asked 10 people. Majority didn’t want it. Lesson: code only what someone needs, not what you imagine.",0,0,0,https://twitter.com/chudinnorukam/status/1023,False,False
24,2025-08-25 22:25:51.916288,"Feedback said: “Too many steps to get value.” So I flattened user flow. Removed two screens. Lesson: fewer clicks = less drop-off, even if it feels like you’re removing “nice to have.”",0,0,0,https://twitter.com/chudinnorukam/status/1024,False,False
25,2025-08-26 22:25:51.916288,Mistake: I measured dozens of metrics. But none were tied to what actually matters: retention & real usage. Fix: trimmed dashboard. Lesson: clarity > noise.,0,0,0,https://twitter.com/chudinnorukam/status/1025,False,False
26,2025-08-27 22:25:51.916288,"Got feedback that pricing tiers confuse people. Fix: merged two tiers, simplified copy. Lesson: pricing isn’t about showing off value, it's about clarity.",0,0,0,https://twitter.com/chudinnorukam/status/1026,False,False
27,2025-08-28 22:25:51.916288,I once trusted “early adopters” feedback too much. They had different priorities. Fix: segmented feedback into “power users vs casual”. Lesson: not all feedback should move roadmap.,0,0,0,https://twitter.com/chudinnorukam/status/1027,False,False
28,2025-08-29 22:25:51.916288,"Mistake: I built integrations (Slack, email) thinking they were demand. Feedback: “I don’t care.” Removed them. Lesson: enthusiasm ≠ necessity.",0,0,0,https://twitter.com/chudinnorukam/status/1028,False,False
29,2025-08-30 22:25:51.916288,"I thought expanding platforms (mobile/web) is always a win. Feedback: web version usage dwarfed mobile. Fix: focused web first. Lesson: follow where people actually use, not where you want them to.",0,0,0,https://twitter.com/chudinnorukam/status/1029,False,False
30,2025-08-31 22:25:51.916288,Got negative feedback when I skipped onboarding UX. Users thought feature was broken. Fix: added simple guide. Lesson: sometimes “explain what this is” matters more than shiny visuals.,0,0,0,https://twitter.com/chudinnorukam/status/1030,False,False
31,2025-09-01 22:25:51.916288,I released a “complete” product version with all planned features. Feedback: overwhelming. Fix: rolled back some toggles. Lesson: cutting is essential—even if it hurts.,0,0,0,https://twitter.com/chudinnorukam/status/1031,False,False
32,2025-09-02 22:25:51.916288,"Thought bugs were minor annoyances. After feedback, realized some broke trust. Fix: prioritized bug fixes over “new features” for a sprint. Lesson: trust = consistency.",0,0,0,https://twitter.com/chudinnorukam/status/1032,False,False
33,2025-09-03 22:25:51.916288,"Mistake: I ignored accessibility feedback (“text too small”, “color contrast off”). Fix: updated font sizes, palettes. Lesson: small design touches matter for many more people than you think.",0,0,0,https://twitter.com/chudinnorukam/status/1033,False,False
34,2025-09-04 22:25:51.916288,Built with my own jargon. Feedback: people didn’t understand terms. Fix: rewrote copy in plain English. Lesson: you think clearer than most.,0,0,0,https://twitter.com/chudinnorukam/status/1034,False,False
35,2025-09-05 22:25:51.916288,"Feedback: “Hard to find the thing I paid for.” Mistake: pricing page, documentation, features buried. Fix: reorganized menu, added dashboard shortcut. Lesson: make what matters visible.",0,0,0,https://twitter.com/chudinnorukam/status/1035,False,False
36,2025-09-06 22:25:51.916288,"Mistake: I promised roadmap publicly. Feedback: frustrations when dates slipped. Fix: switched to “what we’re exploring”, not “what we’ll ship”. Lesson: under-promise, over-deliver.",0,0,0,https://twitter.com/chudinnorukam/status/1036,False,False
37,2025-09-07 22:25:51.916288,"Received feedback: “You’re missing edge cases,” but users only deal with core flows. Mistake: building for edge too early. Fix: paused extras. Lesson: core > completeness.",0,0,0,https://twitter.com/chudinnorukam/status/1037,False,False
38,2025-09-08 22:25:51.916288,"I once delayed feature X because I thought I didn’t have capacity. Feedback: users commented “we need this.” Fix: simplified scope, shipped minimal version. Lesson: imperfect > invisible.",0,0,0,https://twitter.com/chudinnorukam/status/1038,False,False
39,2025-09-09 22:25:51.916288,"Mistake: didn’t prioritize customer success. Feedback: people got stuck onboarding, support requests ballooned. Fix: built docs + videos. Lesson: easing the way matters more than building more.",0,0,0,https://twitter.com/chudinnorukam/status/1039,False,False
40,2025-09-10 22:25:51.916288,"Thought marketing = post-launch. Feedback: people didn’t know anything existed. Fix: started teasing early, build-public threads. Lesson: marketing is part of the build.",0,0,0,https://twitter.com/chudinnorukam/status/1040,False,False
41,2025-09-11 22:25:51.916288,Got feedback that sending too many emails annoyed users. Mistake: overloaded sequences. Fix: reduced frequency. Lesson: attention and respect are currencies.,0,0,0,https://twitter.com/chudinnorukam/status/1041,False,False
42,2025-09-12 22:25:51.916288,I once added feature toggle settings because I thought users wanted control. Feedback: settings cluttered UX. Fix: hide advanced options. Lesson: default paths are powerful.,0,0,0,https://twitter.com/chudinnorukam/status/1042,False,False
43,2025-09-13 22:25:51.916288,Mistake: ignored competitor’s pricing & positioning. Feedback: customers compared me to them—and often chose them. Fix: adjusted pricing and messaging. Lesson: ignorance of alternatives is expensive.,0,0,0,https://twitter.com/chudinnorukam/status/1043,False,False
44,2025-09-14 22:25:51.916288,Built a beautiful landing page. Feedback: the copy didn't explain value. Visitors bounced. Fix: rewrite focus on problem + outcome. Lesson: design draws them in; copy keeps them.,0,0,0,https://twitter.com/chudinnorukam/status/1044,False,False
45,2025-09-15 22:25:51.916288,"I assumed scaling the user base was the goal. Feedback: many users signed up, few stayed. Fix: focus on retention, not just acquisition. Lesson: growth without stickiness drains resources.",0,0,0,https://twitter.com/chudinnorukam/status/1045,False,False
46,2025-09-16 22:25:51.916288,"Mistake: not collecting testimonials or feedback early. Feedback: when we asked later, people had forgotten their experience. Fix: prompt at moment of delight. Lesson: feedback windows are small.",0,0,0,https://twitter.com/chudinnorukam/status/1046,False,False
47,2025-09-17 22:25:51.916288,Ignored negative feedback because it felt harsh. But that feedback showed patterns. Fix: built tracking of complaints. Lesson: what you avoid hearing often holds the keys to improvement.,0,0,0,https://twitter.com/chudinnorukam/status/1047,False,False
48,2025-09-18 22:25:51.916288,"Tried to optimize for conversion on landing page before verifying core idea. Feedback: people didn’t care about the features listed. Fix: test headline + problem statement first. Lesson: resonate first, persuade second.",0,0,0,https://twitter.com/chudinnorukam/status/1048,False,False
49,2025-09-19 22:25:51.916288,"Mistake: built a feature that solved my problem, not theirs. Feedback: people said “this isn’t for me.” Fix: pivoted to adjust for issues they actually had. Lesson: empathy over ego’s assumptions.",0,0,0,https://twitter.com/chudinnorukam/status/1049,False,False
50,2025-09-20 22:25:51.916288,"Thought fast growth meant success. Feedback: features got messy, customer support lagged. Fix: slowed down feature rollout, invested in quality. Lesson: sustainable velocity beats flashy sprint.",0,0,0,https://twitter.com/chudinnorukam/status/1050,False,False
